<Objs Version="1.1.0.1" xmlns="http://schemas.microsoft.com/powershell/2004/04">
  <Obj RefId="0">
    <TN RefId="0">
      <T>Microsoft.PowerShell.Commands.PSRepositoryItemInfo</T>
      <T>System.Management.Automation.PSCustomObject</T>
      <T>System.Object</T>
    </TN>
    <MS>
      <S N="Name">xWindowsUpdate</S>
      <S N="Version">2.8.0.0</S>
      <S N="Type">Module</S>
      <S N="Description">Module with DSC Resources for Windows Update</S>
      <S N="Author">Microsoft Corporation</S>
      <Obj N="CompanyName" RefId="1">
        <TN RefId="1">
          <T>System.Object[]</T>
          <T>System.Array</T>
          <T>System.Object</T>
        </TN>
        <LST>
          <S>PowerShellTeam</S>
          <S>gaelcolas</S>
          <S>dsccommunity</S>
        </LST>
      </Obj>
      <S N="Copyright">(c) 2014 Microsoft Corporation. All rights reserved.</S>
      <DT N="PublishedDate">2019-04-03T22:53:09-07:00</DT>
      <Nil N="InstalledDate" />
      <Nil N="UpdatedDate" />
      <URI N="LicenseUri">https://github.com/PowerShell/xWindowsUpdate/blob/master/LICENSE</URI>
      <URI N="ProjectUri">https://github.com/PowerShell/xWindowsUpdate</URI>
      <Nil N="IconUri" />
      <Obj N="Tags" RefId="2">
        <TNRef RefId="1" />
        <LST>
          <S>DesiredStateConfiguration</S>
          <S>DSC</S>
          <S>DSCResourceKit</S>
          <S>DSCResource</S>
          <S>PSModule</S>
        </LST>
      </Obj>
      <Obj N="Includes" RefId="3">
        <TN RefId="2">
          <T>System.Collections.Hashtable</T>
          <T>System.Object</T>
        </TN>
        <DCT>
          <En>
            <S N="Key">Command</S>
            <Obj N="Value" RefId="4">
              <TNRef RefId="1" />
              <LST />
            </Obj>
          </En>
          <En>
            <S N="Key">Cmdlet</S>
            <Ref N="Value" RefId="4" />
          </En>
          <En>
            <S N="Key">DscResource</S>
            <Obj N="Value" RefId="5">
              <TNRef RefId="1" />
              <LST>
                <S>xHotfix</S>
                <S>xMicrosoftUpdate</S>
                <S>xWindowsUpdateAgent</S>
              </LST>
            </Obj>
          </En>
          <En>
            <S N="Key">Function</S>
            <Ref N="Value" RefId="4" />
          </En>
          <En>
            <S N="Key">RoleCapability</S>
            <Ref N="Value" RefId="4" />
          </En>
          <En>
            <S N="Key">Workflow</S>
            <Ref N="Value" RefId="4" />
          </En>
        </DCT>
      </Obj>
      <Nil N="PowerShellGetFormatVersion" />
      <S N="ReleaseNotes">* xWindowsUpdateAgent: Fixed verbose statement returning incorrect variable_x000D__x000A_* Tests no longer fail on `Assert-VerifiableMocks`, these are now renamed_x000D__x000A_  to `Assert-VerifiableMock` (breaking change in Pester v4)._x000D__x000A_* README.md has been updated with correct description of the resources_x000D__x000A_  ([issue 58](https://github.com/PowerShell/xWindowsUpdate/issues/58))._x000D__x000A_* Updated appveyor.yml to use the correct parameters to call the test framework._x000D__x000A_* Update appveyor.yml to use the default template._x000D__x000A_* Added default template files .gitattributes, and .gitignore, and_x000D__x000A_  .vscode folder.</S>
      <Obj N="Dependencies" RefId="6">
        <TNRef RefId="1" />
        <LST />
      </Obj>
      <S N="RepositorySourceLocation">https://www.powershellgallery.com/api/v2</S>
      <S N="Repository">PSGallery</S>
      <S N="PackageManagementProvider">NuGet</S>
      <Obj N="AdditionalMetadata" RefId="7">
        <TN RefId="3">
          <T>System.Management.Automation.PSCustomObject</T>
          <T>System.Object</T>
        </TN>
        <MS>
          <S N="copyright">(c) 2014 Microsoft Corporation. All rights reserved.</S>
          <S N="description">Module with DSC Resources for Windows Update</S>
          <S N="requireLicenseAcceptance">False</S>
          <S N="releaseNotes">* xWindowsUpdateAgent: Fixed verbose statement returning incorrect variable_x000D__x000A_* Tests no longer fail on `Assert-VerifiableMocks`, these are now renamed_x000D__x000A_  to `Assert-VerifiableMock` (breaking change in Pester v4)._x000D__x000A_* README.md has been updated with correct description of the resources_x000D__x000A_  ([issue 58](https://github.com/PowerShell/xWindowsUpdate/issues/58))._x000D__x000A_* Updated appveyor.yml to use the correct parameters to call the test framework._x000D__x000A_* Update appveyor.yml to use the default template._x000D__x000A_* Added default template files .gitattributes, and .gitignore, and_x000D__x000A_  .vscode folder.</S>
          <S N="isLatestVersion">True</S>
          <S N="isAbsoluteLatestVersion">False</S>
          <S N="versionDownloadCount">215067</S>
          <S N="downloadCount">6685523</S>
          <S N="packageSize">27767</S>
          <S N="published">4/3/2019 10:53:09 PM -07:00</S>
          <S N="created">4/3/2019 10:53:09 PM -07:00</S>
          <S N="lastUpdated">11/15/2021 3:56:54 AM -08:00</S>
          <S N="tags">DesiredStateConfiguration DSC DSCResourceKit DSCResource PSModule PSDscResource_x005F_xHotfix PSDscResource_x005F_xMicrosoftUpdate PSDscResource_x005F_xWindowsUpdateAgent PSIncludes_DscResource</S>
          <S N="developmentDependency">False</S>
          <S N="updated">2021-11-15T03:56:54Z</S>
          <S N="NormalizedVersion">2.8.0</S>
          <S N="Authors">Microsoft Corporation</S>
          <S N="IsPrerelease">false</S>
          <S N="ItemType">Module</S>
          <S N="FileList">xWindowsUpdate.nuspec|LICENSE|README.md|xWindowsUpdate.psd1|DscResources\MSFT_x005F_xMicrosoftUpdate\MSFT_x005F_xMicrosoftUpdate.psm1|DscResources\MSFT_x005F_xMicrosoftUpdate\MSFT_x005F_xMicrosoftUpdate.schema.mof|DscResources\MSFT_x005F_xMicrosoftUpdate\Readme.md|DscResources\MSFT_x005F_xWindowsUpdate\MSFT_x005F_xWindowsUpdate.psm1|DscResources\MSFT_x005F_xWindowsUpdate\MSFT_x005F_xWindowsUpdate.schema.mof|DscResources\MSFT_x005F_xWindowsUpdate\Readme.md|DscResources\MSFT_x005F_xWindowsUpdateAgent\MSFT_x005F_xWindowsUpdateAgent.psm1|DscResources\MSFT_x005F_xWindowsUpdateAgent\MSFT_x005F_xWindowsUpdateAgent.schema.mof|DscResources\MSFT_x005F_xWindowsUpdateAgent\Readme.md|Examples\Resources\xHotfix\1-Sample_x005F_xWindowsUpdateFromPath.ps1|Examples\Resources\xHotfix\2-Sample_x005F_xWindowsUpdateFromURI.ps1|Examples\Resources\xMicrosoftUpdate\1-Sample_x005F_xMicrosoftUpdate.ps1|Examples\Resources\xWindowsUpdateAgent\1-SetWuaScheduledFromWu.ps1|Tests\Unit\MSFT_x005F_xWindowsUpdate.tests.ps1|Tests\Unit\MSFT_x005F_xWindowsUpdateAgent.tests.ps1</S>
          <S N="GUID">a9cba250-ea73-4d82-b31b-7e58cc50ffd1</S>
          <S N="PowerShellVersion">4.0</S>
          <S N="CLRVersion">4.0</S>
          <S N="CompanyName">Microsoft Corporation</S>
        </MS>
      </Obj>
      <S N="InstalledLocation">D:\Repos\TeamsVoiceEchoBot\ADF\1-PrereqsToDeploy\DSCResources\xWindowsUpdate\2.8.0.0</S>
    </MS>
  </Obj>
</Objs>
