<Objs Version="1.1.0.1" xmlns="http://schemas.microsoft.com/powershell/2004/04">
  <Obj RefId="0">
    <TN RefId="0">
      <T>System.Collections.Hashtable</T>
      <T>System.Object</T>
    </TN>
    <DCT>
      <En>
        <S N="Key">Registry Values</S>
        <Obj N="Value" RefId="1">
          <TNRef RefId="0" />
          <DCT>
            <En>
              <S N="Key">MACHINE\System\CurrentControlSet\Services\LanmanWorkstation\Parameters\EnablePlainTextPassword</S>
              <Obj N="Value" RefId="2">
                <TN RefId="1">
                  <T>System.Object[]</T>
                  <T>System.Array</T>
                  <T>System.Object</T>
                </TN>
                <LST>
                  <S>4</S>
                  <S>0</S>
                </LST>
              </Obj>
            </En>
            <En>
              <S N="Key">MACHINE\System\CurrentControlSet\Control\Lsa\FIPSAlgorithmPolicy\Enabled</S>
              <Obj N="Value" RefId="3">
                <TNRef RefId="1" />
                <LST>
                  <S>4</S>
                  <S>0</S>
                </LST>
              </Obj>
            </En>
            <En>
              <S N="Key">MACHINE\Software\Microsoft\Windows NT\CurrentVersion\Winlogon\ScRemoveOption</S>
              <Obj N="Value" RefId="4">
                <TNRef RefId="1" />
                <LST>
                  <S>1</S>
                  <S>"0"</S>
                </LST>
              </Obj>
            </En>
            <En>
              <S N="Key">MACHINE\Software\Microsoft\Windows\CurrentVersion\Policies\System\EnableInstallerDetection</S>
              <Obj N="Value" RefId="5">
                <TNRef RefId="1" />
                <LST>
                  <S>4</S>
                  <S>1</S>
                </LST>
              </Obj>
            </En>
            <En>
              <S N="Key">MACHINE\Software\Microsoft\Windows NT\CurrentVersion\Setup\RecoveryConsole\SetCommand</S>
              <Obj N="Value" RefId="6">
                <TNRef RefId="1" />
                <LST>
                  <S>4</S>
                  <S>0</S>
                </LST>
              </Obj>
            </En>
            <En>
              <S N="Key">MACHINE\Software\Microsoft\Windows NT\CurrentVersion\Winlogon\PasswordExpiryWarning</S>
              <Obj N="Value" RefId="7">
                <TNRef RefId="1" />
                <LST>
                  <S>4</S>
                  <S>5</S>
                </LST>
              </Obj>
            </En>
            <En>
              <S N="Key">MACHINE\System\CurrentControlSet\Services\Netlogon\Parameters\SignSecureChannel</S>
              <Obj N="Value" RefId="8">
                <TNRef RefId="1" />
                <LST>
                  <S>4</S>
                  <S>1</S>
                </LST>
              </Obj>
            </En>
            <En>
              <S N="Key">MACHINE\System\CurrentControlSet\Control\Lsa\CrashOnAuditFail</S>
              <Obj N="Value" RefId="9">
                <TNRef RefId="1" />
                <LST>
                  <S>4</S>
                  <S>0</S>
                </LST>
              </Obj>
            </En>
            <En>
              <S N="Key">MACHINE\System\CurrentControlSet\Control\Session Manager\ProtectionMode</S>
              <Obj N="Value" RefId="10">
                <TNRef RefId="1" />
                <LST>
                  <S>4</S>
                  <S>1</S>
                </LST>
              </Obj>
            </En>
            <En>
              <S N="Key">MACHINE\Software\Microsoft\Windows\CurrentVersion\Policies\System\EnableSecureUIAPaths</S>
              <Obj N="Value" RefId="11">
                <TNRef RefId="1" />
                <LST>
                  <S>4</S>
                  <S>1</S>
                </LST>
              </Obj>
            </En>
            <En>
              <S N="Key">MACHINE\System\CurrentControlSet\Services\Netlogon\Parameters\SealSecureChannel</S>
              <Obj N="Value" RefId="12">
                <TNRef RefId="1" />
                <LST>
                  <S>4</S>
                  <S>1</S>
                </LST>
              </Obj>
            </En>
            <En>
              <S N="Key">MACHINE\System\CurrentControlSet\Control\Lsa\RestrictAnonymousSAM</S>
              <Obj N="Value" RefId="13">
                <TNRef RefId="1" />
                <LST>
                  <S>4</S>
                  <S>1</S>
                </LST>
              </Obj>
            </En>
            <En>
              <S N="Key">MACHINE\Software\Microsoft\Windows\CurrentVersion\Policies\System\PromptOnSecureDesktop</S>
              <Obj N="Value" RefId="14">
                <TNRef RefId="1" />
                <LST>
                  <S>4</S>
                  <S>1</S>
                </LST>
              </Obj>
            </En>
            <En>
              <S N="Key">MACHINE\System\CurrentControlSet\Control\SecurePipeServers\Winreg\AllowedPaths\Machine</S>
              <Obj N="Value" RefId="15">
                <TNRef RefId="1" />
                <LST>
                  <S>7</S>
                  <S>System\CurrentControlSet\Control\Print\Printers</S>
                  <S>System\CurrentControlSet\Services\Eventlog</S>
                  <S>Software\Microsoft\OLAP Server</S>
                  <S>Software\Microsoft\Windows NT\CurrentVersion\Print</S>
                  <S>Software\Microsoft\Windows NT\CurrentVersion\Windows</S>
                  <S>System\CurrentControlSet\Control\ContentIndex</S>
                  <S>System\CurrentControlSet\Control\Terminal Server</S>
                  <S>System\CurrentControlSet\Control\Terminal Server\UserConfig</S>
                  <S>System\CurrentControlSet\Control\Terminal Server\DefaultUserConfiguration</S>
                  <S>Software\Microsoft\Windows NT\CurrentVersion\Perflib</S>
                  <S>System\CurrentControlSet\Services\SysmonLog</S>
                </LST>
              </Obj>
            </En>
            <En>
              <S N="Key">MACHINE\System\CurrentControlSet\Services\LanmanWorkstation\Parameters\EnableSecuritySignature</S>
              <Obj N="Value" RefId="16">
                <TNRef RefId="1" />
                <LST>
                  <S>4</S>
                  <S>1</S>
                </LST>
              </Obj>
            </En>
            <En>
              <S N="Key">MACHINE\Software\Microsoft\Windows\CurrentVersion\Policies\System\ConsentPromptBehaviorUser</S>
              <Obj N="Value" RefId="17">
                <TNRef RefId="1" />
                <LST>
                  <S>4</S>
                  <S>3</S>
                </LST>
              </Obj>
            </En>
            <En>
              <S N="Key">MACHINE\Software\Microsoft\Windows NT\CurrentVersion\Winlogon\ForceUnlockLogon</S>
              <Obj N="Value" RefId="18">
                <TNRef RefId="1" />
                <LST>
                  <S>4</S>
                  <S>0</S>
                </LST>
              </Obj>
            </En>
            <En>
              <S N="Key">MACHINE\Software\Policies\Microsoft\Windows\Safer\CodeIdentifiers\AuthenticodeEnabled</S>
              <Obj N="Value" RefId="19">
                <TNRef RefId="1" />
                <LST>
                  <S>4</S>
                  <S>0</S>
                </LST>
              </Obj>
            </En>
            <En>
              <S N="Key">MACHINE\System\CurrentControlSet\Control\Lsa\RestrictAnonymous</S>
              <Obj N="Value" RefId="20">
                <TNRef RefId="1" />
                <LST>
                  <S>4</S>
                  <S>0</S>
                </LST>
              </Obj>
            </En>
            <En>
              <S N="Key">MACHINE\Software\Microsoft\Windows\CurrentVersion\Policies\System\LegalNoticeCaption</S>
              <Obj N="Value" RefId="21">
                <TNRef RefId="1" />
                <LST>
                  <S>1</S>
                  <S>""</S>
                </LST>
              </Obj>
            </En>
            <En>
              <S N="Key">MACHINE\System\CurrentControlSet\Control\Lsa\NoLMHash</S>
              <Obj N="Value" RefId="22">
                <TNRef RefId="1" />
                <LST>
                  <S>4</S>
                  <S>1</S>
                </LST>
              </Obj>
            </En>
            <En>
              <S N="Key">MACHINE\System\CurrentControlSet\Control\Session Manager\Kernel\ObCaseInsensitive</S>
              <Obj N="Value" RefId="23">
                <TNRef RefId="1" />
                <LST>
                  <S>4</S>
                  <S>1</S>
                </LST>
              </Obj>
            </En>
            <En>
              <S N="Key">MACHINE\System\CurrentControlSet\Services\LanManServer\Parameters\EnableSecuritySignature</S>
              <Obj N="Value" RefId="24">
                <TNRef RefId="1" />
                <LST>
                  <S>4</S>
                  <S>0</S>
                </LST>
              </Obj>
            </En>
            <En>
              <S N="Key">MACHINE\System\CurrentControlSet\Control\Lsa\DisableDomainCreds</S>
              <Obj N="Value" RefId="25">
                <TNRef RefId="1" />
                <LST>
                  <S>4</S>
                  <S>0</S>
                </LST>
              </Obj>
            </En>
            <En>
              <S N="Key">MACHINE\System\CurrentControlSet\Services\Netlogon\Parameters\RequireSignOrSeal</S>
              <Obj N="Value" RefId="26">
                <TNRef RefId="1" />
                <LST>
                  <S>4</S>
                  <S>1</S>
                </LST>
              </Obj>
            </En>
            <En>
              <S N="Key">MACHINE\Software\Microsoft\Windows\CurrentVersion\Policies\System\DontDisplayLastUserName</S>
              <Obj N="Value" RefId="27">
                <TNRef RefId="1" />
                <LST>
                  <S>4</S>
                  <S>0</S>
                </LST>
              </Obj>
            </En>
            <En>
              <S N="Key">MACHINE\Software\Microsoft\Windows\CurrentVersion\Policies\System\ValidateAdminCodeSignatures</S>
              <Obj N="Value" RefId="28">
                <TNRef RefId="1" />
                <LST>
                  <S>4</S>
                  <S>0</S>
                </LST>
              </Obj>
            </En>
            <En>
              <S N="Key">MACHINE\System\CurrentControlSet\Control\Lsa\MSV1_0\NTLMMinClientSec</S>
              <Obj N="Value" RefId="29">
                <TNRef RefId="1" />
                <LST>
                  <S>4</S>
                  <S>536870912</S>
                </LST>
              </Obj>
            </En>
            <En>
              <S N="Key">MACHINE\System\CurrentControlSet\Control\SecurePipeServers\Winreg\AllowedExactPaths\Machine</S>
              <Obj N="Value" RefId="30">
                <TNRef RefId="1" />
                <LST>
                  <S>7</S>
                  <S>System\CurrentControlSet\Control\ProductOptions</S>
                  <S>System\CurrentControlSet\Control\Server Applications</S>
                  <S>Software\Microsoft\Windows NT\CurrentVersion</S>
                </LST>
              </Obj>
            </En>
            <En>
              <S N="Key">MACHINE\System\CurrentControlSet\Control\Lsa\ForceGuest</S>
              <Obj N="Value" RefId="31">
                <TNRef RefId="1" />
                <LST>
                  <S>4</S>
                  <S>0</S>
                </LST>
              </Obj>
            </En>
            <En>
              <S N="Key">MACHINE\System\CurrentControlSet\Services\LanManServer\Parameters\RestrictNullSessAccess</S>
              <Obj N="Value" RefId="32">
                <TNRef RefId="1" />
                <LST>
                  <S>4</S>
                  <S>1</S>
                </LST>
              </Obj>
            </En>
            <En>
              <S N="Key">MACHINE\Software\Microsoft\Windows\CurrentVersion\Policies\System\ShutdownWithoutLogon</S>
              <Obj N="Value" RefId="33">
                <TNRef RefId="1" />
                <LST>
                  <S>4</S>
                  <S>0</S>
                </LST>
              </Obj>
            </En>
            <En>
              <S N="Key">MACHINE\System\CurrentControlSet\Services\LanManServer\Parameters\NullSessionPipes</S>
              <Obj N="Value" RefId="34">
                <TNRef RefId="1" />
                <LST>
                  <S>7</S>
                  <S></S>
                </LST>
              </Obj>
            </En>
            <En>
              <S N="Key">MACHINE\System\CurrentControlSet\Control\Session Manager\SubSystems\optional</S>
              <Obj N="Value" RefId="35">
                <TNRef RefId="1" />
                <LST>
                  <S>7</S>
                  <S></S>
                </LST>
              </Obj>
            </En>
            <En>
              <S N="Key">MACHINE\System\CurrentControlSet\Services\LanManServer\Parameters\RequireSecuritySignature</S>
              <Obj N="Value" RefId="36">
                <TNRef RefId="1" />
                <LST>
                  <S>4</S>
                  <S>0</S>
                </LST>
              </Obj>
            </En>
            <En>
              <S N="Key">MACHINE\Software\Microsoft\Windows\CurrentVersion\Policies\System\UndockWithoutLogon</S>
              <Obj N="Value" RefId="37">
                <TNRef RefId="1" />
                <LST>
                  <S>4</S>
                  <S>1</S>
                </LST>
              </Obj>
            </En>
            <En>
              <S N="Key">MACHINE\System\CurrentControlSet\Services\LanmanWorkstation\Parameters\RequireSecuritySignature</S>
              <Obj N="Value" RefId="38">
                <TNRef RefId="1" />
                <LST>
                  <S>4</S>
                  <S>0</S>
                </LST>
              </Obj>
            </En>
            <En>
              <S N="Key">MACHINE\Software\Microsoft\Windows\CurrentVersion\Policies\System\DisableCAD</S>
              <Obj N="Value" RefId="39">
                <TNRef RefId="1" />
                <LST>
                  <S>4</S>
                  <S>0</S>
                </LST>
              </Obj>
            </En>
            <En>
              <S N="Key">MACHINE\System\CurrentControlSet\Control\Lsa\EveryoneIncludesAnonymous</S>
              <Obj N="Value" RefId="40">
                <TNRef RefId="1" />
                <LST>
                  <S>4</S>
                  <S>0</S>
                </LST>
              </Obj>
            </En>
            <En>
              <S N="Key">MACHINE\System\CurrentControlSet\Services\LanManServer\Parameters\EnableForcedLogOff</S>
              <Obj N="Value" RefId="41">
                <TNRef RefId="1" />
                <LST>
                  <S>4</S>
                  <S>1</S>
                </LST>
              </Obj>
            </En>
            <En>
              <S N="Key">MACHINE\Software\Microsoft\Windows NT\CurrentVersion\Setup\RecoveryConsole\SecurityLevel</S>
              <Obj N="Value" RefId="42">
                <TNRef RefId="1" />
                <LST>
                  <S>4</S>
                  <S>0</S>
                </LST>
              </Obj>
            </En>
            <En>
              <S N="Key">MACHINE\System\CurrentControlSet\Services\LDAP\LDAPClientIntegrity</S>
              <Obj N="Value" RefId="43">
                <TNRef RefId="1" />
                <LST>
                  <S>4</S>
                  <S>1</S>
                </LST>
              </Obj>
            </En>
            <En>
              <S N="Key">MACHINE\System\CurrentControlSet\Services\Netlogon\Parameters\RequireStrongKey</S>
              <Obj N="Value" RefId="44">
                <TNRef RefId="1" />
                <LST>
                  <S>4</S>
                  <S>1</S>
                </LST>
              </Obj>
            </En>
            <En>
              <S N="Key">MACHINE\System\CurrentControlSet\Services\Netlogon\Parameters\MaximumPasswordAge</S>
              <Obj N="Value" RefId="45">
                <TNRef RefId="1" />
                <LST>
                  <S>4</S>
                  <S>30</S>
                </LST>
              </Obj>
            </En>
            <En>
              <S N="Key">MACHINE\Software\Microsoft\Windows\CurrentVersion\Policies\System\EnableLUA</S>
              <Obj N="Value" RefId="46">
                <TNRef RefId="1" />
                <LST>
                  <S>4</S>
                  <S>1</S>
                </LST>
              </Obj>
            </En>
            <En>
              <S N="Key">MACHINE\System\CurrentControlSet\Services\LanManServer\Parameters\AutoDisconnect</S>
              <Obj N="Value" RefId="47">
                <TNRef RefId="1" />
                <LST>
                  <S>4</S>
                  <S>15</S>
                </LST>
              </Obj>
            </En>
            <En>
              <S N="Key">MACHINE\Software\Microsoft\Windows\CurrentVersion\Policies\System\EnableUIADesktopToggle</S>
              <Obj N="Value" RefId="48">
                <TNRef RefId="1" />
                <LST>
                  <S>4</S>
                  <S>0</S>
                </LST>
              </Obj>
            </En>
            <En>
              <S N="Key">MACHINE\Software\Microsoft\Windows\CurrentVersion\Policies\System\EnableVirtualization</S>
              <Obj N="Value" RefId="49">
                <TNRef RefId="1" />
                <LST>
                  <S>4</S>
                  <S>1</S>
                </LST>
              </Obj>
            </En>
            <En>
              <S N="Key">MACHINE\System\CurrentControlSet\Control\Lsa\AuditBaseObjects</S>
              <Obj N="Value" RefId="50">
                <TNRef RefId="1" />
                <LST>
                  <S>4</S>
                  <S>0</S>
                </LST>
              </Obj>
            </En>
            <En>
              <S N="Key">MACHINE\System\CurrentControlSet\Control\Lsa\MSV1_0\NTLMMinServerSec</S>
              <Obj N="Value" RefId="51">
                <TNRef RefId="1" />
                <LST>
                  <S>4</S>
                  <S>536870912</S>
                </LST>
              </Obj>
            </En>
            <En>
              <S N="Key">MACHINE\System\CurrentControlSet\Services\Netlogon\Parameters\DisablePasswordChange</S>
              <Obj N="Value" RefId="52">
                <TNRef RefId="1" />
                <LST>
                  <S>4</S>
                  <S>0</S>
                </LST>
              </Obj>
            </En>
            <En>
              <S N="Key">MACHINE\Software\Microsoft\Windows\CurrentVersion\Policies\System\FilterAdministratorToken</S>
              <Obj N="Value" RefId="53">
                <TNRef RefId="1" />
                <LST>
                  <S>4</S>
                  <S>0</S>
                </LST>
              </Obj>
            </En>
            <En>
              <S N="Key">MACHINE\Software\Microsoft\Windows\CurrentVersion\Policies\System\ConsentPromptBehaviorAdmin</S>
              <Obj N="Value" RefId="54">
                <TNRef RefId="1" />
                <LST>
                  <S>4</S>
                  <S>5</S>
                </LST>
              </Obj>
            </En>
            <En>
              <S N="Key">MACHINE\Software\Microsoft\Windows\CurrentVersion\Policies\System\LegalNoticeText</S>
              <Obj N="Value" RefId="55">
                <TNRef RefId="1" />
                <LST>
                  <S>7</S>
                  <S></S>
                </LST>
              </Obj>
            </En>
            <En>
              <S N="Key">MACHINE\System\CurrentControlSet\Control\Lsa\FullPrivilegeAuditing</S>
              <Obj N="Value" RefId="56">
                <TNRef RefId="1" />
                <LST>
                  <S>3</S>
                  <S>0</S>
                </LST>
              </Obj>
            </En>
            <En>
              <S N="Key">MACHINE\Software\Microsoft\Windows NT\CurrentVersion\Winlogon\CachedLogonsCount</S>
              <Obj N="Value" RefId="57">
                <TNRef RefId="1" />
                <LST>
                  <S>1</S>
                  <S>"10"</S>
                </LST>
              </Obj>
            </En>
            <En>
              <S N="Key">MACHINE\System\CurrentControlSet\Control\Lsa\LimitBlankPasswordUse</S>
              <Obj N="Value" RefId="58">
                <TNRef RefId="1" />
                <LST>
                  <S>4</S>
                  <S>1</S>
                </LST>
              </Obj>
            </En>
            <En>
              <S N="Key">MACHINE\System\CurrentControlSet\Control\Print\Providers\LanMan Print Services\Servers\AddPrinterDrivers</S>
              <Obj N="Value" RefId="59">
                <TNRef RefId="1" />
                <LST>
                  <S>4</S>
                  <S>1</S>
                </LST>
              </Obj>
            </En>
            <En>
              <S N="Key">MACHINE\System\CurrentControlSet\Control\Session Manager\Memory Management\ClearPageFileAtShutdown</S>
              <Obj N="Value" RefId="60">
                <TNRef RefId="1" />
                <LST>
                  <S>4</S>
                  <S>0</S>
                </LST>
              </Obj>
            </En>
            <En>
              <S N="Key">MACHINE\Software\Microsoft\Windows\CurrentVersion\Policies\System\ScForceOption</S>
              <Obj N="Value" RefId="61">
                <TNRef RefId="1" />
                <LST>
                  <S>4</S>
                  <S>0</S>
                </LST>
              </Obj>
            </En>
          </DCT>
        </Obj>
      </En>
      <En>
        <S N="Key">Version</S>
        <Obj N="Value" RefId="62">
          <TNRef RefId="0" />
          <DCT>
            <En>
              <S N="Key">Revision</S>
              <Obj N="Value" RefId="63">
                <TNRef RefId="1" />
                <LST>
                  <S>1</S>
                </LST>
              </Obj>
            </En>
            <En>
              <S N="Key">signature</S>
              <Obj N="Value" RefId="64">
                <TNRef RefId="1" />
                <LST>
                  <S>"$CHICAGO$"</S>
                </LST>
              </Obj>
            </En>
          </DCT>
        </Obj>
      </En>
      <En>
        <S N="Key">Event Audit</S>
        <Obj N="Value" RefId="65">
          <TNRef RefId="0" />
          <DCT>
            <En>
              <S N="Key">AuditObjectAccess</S>
              <Obj N="Value" RefId="66">
                <TNRef RefId="1" />
                <LST>
                  <S>0</S>
                </LST>
              </Obj>
            </En>
            <En>
              <S N="Key">AuditPrivilegeUse</S>
              <Obj N="Value" RefId="67">
                <TNRef RefId="1" />
                <LST>
                  <S>0</S>
                </LST>
              </Obj>
            </En>
            <En>
              <S N="Key">AuditAccountManage</S>
              <Obj N="Value" RefId="68">
                <TNRef RefId="1" />
                <LST>
                  <S>0</S>
                </LST>
              </Obj>
            </En>
            <En>
              <S N="Key">AuditSystemEvents</S>
              <Obj N="Value" RefId="69">
                <TNRef RefId="1" />
                <LST>
                  <S>0</S>
                </LST>
              </Obj>
            </En>
            <En>
              <S N="Key">AuditProcessTracking</S>
              <Obj N="Value" RefId="70">
                <TNRef RefId="1" />
                <LST>
                  <S>0</S>
                </LST>
              </Obj>
            </En>
            <En>
              <S N="Key">AuditPolicyChange</S>
              <Obj N="Value" RefId="71">
                <TNRef RefId="1" />
                <LST>
                  <S>0</S>
                </LST>
              </Obj>
            </En>
            <En>
              <S N="Key">AuditLogonEvents</S>
              <Obj N="Value" RefId="72">
                <TNRef RefId="1" />
                <LST>
                  <S>0</S>
                </LST>
              </Obj>
            </En>
            <En>
              <S N="Key">AuditDSAccess</S>
              <Obj N="Value" RefId="73">
                <TNRef RefId="1" />
                <LST>
                  <S>0</S>
                </LST>
              </Obj>
            </En>
            <En>
              <S N="Key">AuditAccountLogon</S>
              <Obj N="Value" RefId="74">
                <TNRef RefId="1" />
                <LST>
                  <S>0</S>
                </LST>
              </Obj>
            </En>
          </DCT>
        </Obj>
      </En>
      <En>
        <S N="Key">Privilege Rights</S>
        <Obj N="Value" RefId="75">
          <TNRef RefId="0" />
          <DCT>
            <En>
              <S N="Key">SeLoadDriverPrivilege</S>
              <Obj N="Value" RefId="76">
                <TNRef RefId="1" />
                <LST>
                  <S>BUILTIN\Administrators</S>
                </LST>
              </Obj>
            </En>
            <En>
              <S N="Key">SeImpersonatePrivilege</S>
              <Obj N="Value" RefId="77">
                <TNRef RefId="1" />
                <LST>
                  <S>NT AUTHORITY\LOCAL SERVICE</S>
                  <S>NT AUTHORITY\NETWORK SERVICE</S>
                  <S>BUILTIN\Administrators</S>
                  <S>NT AUTHORITY\SERVICE</S>
                </LST>
              </Obj>
            </En>
            <En>
              <S N="Key">SeSystemtimePrivilege</S>
              <Obj N="Value" RefId="78">
                <TNRef RefId="1" />
                <LST>
                  <S>NT AUTHORITY\LOCAL SERVICE</S>
                  <S>BUILTIN\Administrators</S>
                </LST>
              </Obj>
            </En>
            <En>
              <S N="Key">SeDelegateSessionUserImpersonatePrivilege</S>
              <Obj N="Value" RefId="79">
                <TNRef RefId="1" />
                <LST>
                  <S>TestUser1</S>
                  <S>BUILTIN\Administrators</S>
                </LST>
              </Obj>
            </En>
            <En>
              <S N="Key">SeTakeOwnershipPrivilege</S>
              <Obj N="Value" RefId="80">
                <TNRef RefId="1" />
                <LST>
                  <S>BUILTIN\Administrators</S>
                </LST>
              </Obj>
            </En>
            <En>
              <S N="Key">SeShutdownPrivilege</S>
              <Obj N="Value" RefId="81">
                <TNRef RefId="1" />
                <LST>
                  <S>BUILTIN\Administrators</S>
                  <S>BUILTIN\Backup Operators</S>
                </LST>
              </Obj>
            </En>
            <En>
              <S N="Key">SeBackupPrivilege</S>
              <Obj N="Value" RefId="82">
                <TNRef RefId="1" />
                <LST>
                  <S>TestUser1</S>
                  <S>BUILTIN\Administrators</S>
                  <S>BUILTIN\Backup Operators</S>
                </LST>
              </Obj>
            </En>
            <En>
              <S N="Key">SeTrustedCredManAccessPrivilege</S>
              <Obj N="Value" RefId="83">
                <TNRef RefId="1" />
                <LST>
                  <S>BUILTIN\Administrators</S>
                </LST>
              </Obj>
            </En>
            <En>
              <S N="Key">SeRemoteInteractiveLogonRight</S>
              <Obj N="Value" RefId="84">
                <TNRef RefId="1" />
                <LST>
                  <S>BUILTIN\Administrators</S>
                  <S>BUILTIN\Remote Desktop Users</S>
                </LST>
              </Obj>
            </En>
            <En>
              <S N="Key">SeIncreaseQuotaPrivilege</S>
              <Obj N="Value" RefId="85">
                <TNRef RefId="1" />
                <LST>
                  <S>NT AUTHORITY\LOCAL SERVICE</S>
                  <S>NT AUTHORITY\NETWORK SERVICE</S>
                  <S>BUILTIN\Administrators</S>
                </LST>
              </Obj>
            </En>
            <En>
              <S N="Key">SeSecurityPrivilege</S>
              <Obj N="Value" RefId="86">
                <TNRef RefId="1" />
                <LST>
                  <S>BUILTIN\Administrators</S>
                </LST>
              </Obj>
            </En>
            <En>
              <S N="Key">SeDebugPrivilege</S>
              <Obj N="Value" RefId="87">
                <TNRef RefId="1" />
                <LST>
                  <S>BUILTIN\Administrators</S>
                </LST>
              </Obj>
            </En>
            <En>
              <S N="Key">SeServiceLogonRight</S>
              <Obj N="Value" RefId="88">
                <TNRef RefId="1" />
                <LST>
                  <S>NT SERVICE\ALL SERVICES</S>
                </LST>
              </Obj>
            </En>
            <En>
              <S N="Key">SeIncreaseWorkingSetPrivilege</S>
              <Obj N="Value" RefId="89">
                <TNRef RefId="1" />
                <LST>
                  <S>BUILTIN\Users</S>
                </LST>
              </Obj>
            </En>
            <En>
              <S N="Key">SeIncreaseBasePriorityPrivilege</S>
              <Obj N="Value" RefId="90">
                <TNRef RefId="1" />
                <LST>
                  <S>BUILTIN\Administrators</S>
                </LST>
              </Obj>
            </En>
            <En>
              <S N="Key">SeUndockPrivilege</S>
              <Obj N="Value" RefId="91">
                <TNRef RefId="1" />
                <LST>
                  <S>BUILTIN\Administrators</S>
                </LST>
              </Obj>
            </En>
            <En>
              <S N="Key">SeBatchLogonRight</S>
              <Obj N="Value" RefId="92">
                <TNRef RefId="1" />
                <LST>
                  <S>BUILTIN\Administrators</S>
                  <S>BUILTIN\Backup Operators</S>
                  <S>BUILTIN\Performance Log Users</S>
                </LST>
              </Obj>
            </En>
            <En>
              <S N="Key">SeTimeZonePrivilege</S>
              <Obj N="Value" RefId="93">
                <TNRef RefId="1" />
                <LST>
                  <S>NT AUTHORITY\LOCAL SERVICE</S>
                  <S>BUILTIN\Administrators</S>
                </LST>
              </Obj>
            </En>
            <En>
              <S N="Key">SeInteractiveLogonRight</S>
              <Obj N="Value" RefId="94">
                <TNRef RefId="1" />
                <LST>
                  <S>BUILTIN\Administrators</S>
                  <S>BUILTIN\Users</S>
                  <S>BUILTIN\Backup Operators</S>
                </LST>
              </Obj>
            </En>
            <En>
              <S N="Key">SeCreatePagefilePrivilege</S>
              <Obj N="Value" RefId="95">
                <TNRef RefId="1" />
                <LST>
                  <S>BUILTIN\Administrators</S>
                </LST>
              </Obj>
            </En>
            <En>
              <S N="Key">SeRestorePrivilege</S>
              <Obj N="Value" RefId="96">
                <TNRef RefId="1" />
                <LST>
                  <S>BUILTIN\Administrators</S>
                  <S>BUILTIN\Backup Operators</S>
                </LST>
              </Obj>
            </En>
            <En>
              <S N="Key">SeSystemProfilePrivilege</S>
              <Obj N="Value" RefId="97">
                <TNRef RefId="1" />
                <LST>
                  <S>BUILTIN\Administrators</S>
                  <S>NT SERVICE\WdiServiceHost</S>
                </LST>
              </Obj>
            </En>
            <En>
              <S N="Key">SeCreateGlobalPrivilege</S>
              <Obj N="Value" RefId="98">
                <TNRef RefId="1" />
                <LST>
                  <S>NT AUTHORITY\LOCAL SERVICE</S>
                  <S>NT AUTHORITY\NETWORK SERVICE</S>
                  <S>BUILTIN\Administrators</S>
                  <S>NT AUTHORITY\SERVICE</S>
                </LST>
              </Obj>
            </En>
            <En>
              <S N="Key">SeAssignPrimaryTokenPrivilege</S>
              <Obj N="Value" RefId="99">
                <TNRef RefId="1" />
                <LST>
                  <S>NT AUTHORITY\LOCAL SERVICE</S>
                  <S>NT AUTHORITY\NETWORK SERVICE</S>
                </LST>
              </Obj>
            </En>
            <En>
              <S N="Key">SeRemoteShutdownPrivilege</S>
              <Obj N="Value" RefId="100">
                <TNRef RefId="1" />
                <LST>
                  <S>BUILTIN\Administrators</S>
                </LST>
              </Obj>
            </En>
            <En>
              <S N="Key">SeNetworkLogonRight</S>
              <Obj N="Value" RefId="101">
                <TNRef RefId="1" />
                <LST>
                  <S>TestUser1</S>
                </LST>
              </Obj>
            </En>
            <En>
              <S N="Key">SeManageVolumePrivilege</S>
              <Obj N="Value" RefId="102">
                <TNRef RefId="1" />
                <LST>
                  <S>BUILTIN\Administrators</S>
                </LST>
              </Obj>
            </En>
            <En>
              <S N="Key">SeAuditPrivilege</S>
              <Obj N="Value" RefId="103">
                <TNRef RefId="1" />
                <LST>
                  <S>NT AUTHORITY\LOCAL SERVICE</S>
                  <S>NT AUTHORITY\NETWORK SERVICE</S>
                </LST>
              </Obj>
            </En>
            <En>
              <S N="Key">SeProfileSingleProcessPrivilege</S>
              <Obj N="Value" RefId="104">
                <TNRef RefId="1" />
                <LST>
                  <S>BUILTIN\Administrators</S>
                </LST>
              </Obj>
            </En>
            <En>
              <S N="Key">SeCreateSymbolicLinkPrivilege</S>
              <Obj N="Value" RefId="105">
                <TNRef RefId="1" />
                <LST>
                  <S>BUILTIN\Administrators</S>
                </LST>
              </Obj>
            </En>
            <En>
              <S N="Key">SeSystemEnvironmentPrivilege</S>
              <Obj N="Value" RefId="106">
                <TNRef RefId="1" />
                <LST>
                  <S>BUILTIN\Administrators</S>
                </LST>
              </Obj>
            </En>
            <En>
              <S N="Key">SeChangeNotifyPrivilege</S>
              <Obj N="Value" RefId="107">
                <TNRef RefId="1" />
                <LST>
                  <S>Everyone</S>
                  <S>NT AUTHORITY\LOCAL SERVICE</S>
                  <S>NT AUTHORITY\NETWORK SERVICE</S>
                  <S>BUILTIN\Administrators</S>
                  <S>BUILTIN\Users</S>
                  <S>BUILTIN\Backup Operators</S>
                </LST>
              </Obj>
            </En>
          </DCT>
        </Obj>
      </En>
      <En>
        <S N="Key">Unicode</S>
        <Obj N="Value" RefId="108">
          <TNRef RefId="0" />
          <DCT>
            <En>
              <S N="Key">Unicode</S>
              <Obj N="Value" RefId="109">
                <TNRef RefId="1" />
                <LST>
                  <S>yes</S>
                </LST>
              </Obj>
            </En>
          </DCT>
        </Obj>
      </En>
      <En>
        <S N="Key">System Access</S>
        <Obj N="Value" RefId="110">
          <TNRef RefId="0" />
          <DCT>
            <En>
              <S N="Key">NewGuestName</S>
              <Obj N="Value" RefId="111">
                <TNRef RefId="1" />
                <LST>
                  <S>"Guest"</S>
                </LST>
              </Obj>
            </En>
            <En>
              <S N="Key">PasswordHistorySize</S>
              <Obj N="Value" RefId="112">
                <TNRef RefId="1" />
                <LST>
                  <S>0</S>
                </LST>
              </Obj>
            </En>
            <En>
              <S N="Key">MinimumPasswordLength</S>
              <Obj N="Value" RefId="113">
                <TNRef RefId="1" />
                <LST>
                  <S>0</S>
                </LST>
              </Obj>
            </En>
            <En>
              <S N="Key">MinimumPasswordAge</S>
              <Obj N="Value" RefId="114">
                <TNRef RefId="1" />
                <LST>
                  <S>0</S>
                </LST>
              </Obj>
            </En>
            <En>
              <S N="Key">ForceLogoffWhenHourExpire</S>
              <Obj N="Value" RefId="115">
                <TNRef RefId="1" />
                <LST>
                  <S>0</S>
                </LST>
              </Obj>
            </En>
            <En>
              <S N="Key">EnableAdminAccount</S>
              <Obj N="Value" RefId="116">
                <TNRef RefId="1" />
                <LST>
                  <S>1</S>
                </LST>
              </Obj>
            </En>
            <En>
              <S N="Key">LSAAnonymousNameLookup</S>
              <Obj N="Value" RefId="117">
                <TNRef RefId="1" />
                <LST>
                  <S>0</S>
                </LST>
              </Obj>
            </En>
            <En>
              <S N="Key">RequireLogonToChangePassword</S>
              <Obj N="Value" RefId="118">
                <TNRef RefId="1" />
                <LST>
                  <S>0</S>
                </LST>
              </Obj>
            </En>
            <En>
              <S N="Key">MaximumPasswordAge</S>
              <Obj N="Value" RefId="119">
                <TNRef RefId="1" />
                <LST>
                  <S>-1</S>
                </LST>
              </Obj>
            </En>
            <En>
              <S N="Key">ClearTextPassword</S>
              <Obj N="Value" RefId="120">
                <TNRef RefId="1" />
                <LST>
                  <S>0</S>
                </LST>
              </Obj>
            </En>
            <En>
              <S N="Key">LockoutBadCount</S>
              <Obj N="Value" RefId="121">
                <TNRef RefId="1" />
                <LST>
                  <S>0</S>
                </LST>
              </Obj>
            </En>
            <En>
              <S N="Key">NewAdministratorName</S>
              <Obj N="Value" RefId="122">
                <TNRef RefId="1" />
                <LST>
                  <S>"Administrator"</S>
                </LST>
              </Obj>
            </En>
            <En>
              <S N="Key">EnableGuestAccount</S>
              <Obj N="Value" RefId="123">
                <TNRef RefId="1" />
                <LST>
                  <S>0</S>
                </LST>
              </Obj>
            </En>
            <En>
              <S N="Key">PasswordComplexity</S>
              <Obj N="Value" RefId="124">
                <TNRef RefId="1" />
                <LST>
                  <S>1</S>
                </LST>
              </Obj>
            </En>
          </DCT>
        </Obj>
      </En>
    </DCT>
  </Obj>
</Objs>
